Programa de pós-graduação;Ano de nascimento;País de nascimento;Estado de nascimento;Cidade de nascimento;Grau de parentesco;Sexo;Raça / cor (segundo o IBGE);Essa pessoa foi alfabetizada?;Educação infantil  [Creche];Educação infantil  [Pré-escola];Caso tenha frequentado, cursou a maior parte em escola:;Ensino fundamental [Ensino fundamental 1];Ensino fundamental [Ensino fundamental 2];Caso tenha frequentado, cursou a maior parte em escola:;Alguma das etapas foi cursada em EJA?;Níveis de ensino cursados [Ensino médio];Caso tenha frequentado, cursou a maior parte em escola:;"Cursou o ensino médio em EJA ou ensino técnico? (o ""curso normal"" de formação de professores e professoras é considerado um ensino médio técnico)";Graduação [Graduação plena];Graduação [Graduação curta - extinta pela Lei de Diretrizes e Bases da Educação (LDB) em 1996];"Ano de ingresso (caso tenha frequentado)*
* Pode ser aproximado caso seja difícil precisar. Caso não tenha frequentado, escrever ""Não frequentou""";Tipo de graduação plena (caso tenha frequentado);Instituição (caso tenha frequentado);Área do conhecimento (caso tenha frequentado);Frequentou mais de uma graduação?;Pós-graduação [Pós-graduação lato sensu];Pós-graduação [Mestrado];Pós-graduação [Doutorado];Pós-graduação [Doutorado direto];Pós-graduação [Pós-doutorado];Instituição (caso tenha frequentado)
Saúde Global e Sustentabilidade;1997;Brasil;RJ;Rio de Janeiro;Ascendente primeiro grau (pai/mãe);Masculino;Branca;Sim;Não frequentou;Frequentou;Pública;Completo;Completo;Privada;Não.;Completo;Privada;Não.;Completo;Completo;1987;Bacharelado;Privada;Engenharias;Sim e concluiu;Não frequentou;Não frequentou;Não frequentou;Não frequentou;Não frequentou;Não frequentou
Saúde Global e Sustentabilidade;1966;Brasil;SP;São Paulo;Ascendente primeiro grau (pai/mãe);Feminino;Branca;Sim;Não frequentou;Frequentou;Privada;Completo;Completo;Pública;Não.;Completo;Privada;Sim. No ensino técnico.;Não frequentou;Completo;2001;Não frequentou;Não frequentou;Não frequentou;Não frequentou;Não frequentou;Não frequentou;Não frequentou;Não frequentou;Não frequentou;Não frequentou
Saúde Global e Sustentabilidade;1935;Brasil;SC;Blumenau;Ascendente segundo grau (avô/avó);Masculino;Branca;Sim;Não frequentou;Não frequentou;Não frequentou;Completo;Não frequentou;Pública;Não.;Não frequentou;Não frequentou;Não.;Não frequentou;Não frequentou;Não frequentou;Não frequentou;Não frequentou;Não frequentou;Não frequentou;Não frequentou;Não frequentou;Não frequentou;Não frequentou;Não frequentou;Não frequentou
Saúde Global e Sustentabilidade;1942;Brasil;SP;Maracaí;Ascendente segundo grau (avô/avó);Feminino;Branca;Sim;Não frequentou;Não frequentou;Não frequentou;Iniciado e não concluído;Não frequentou;Pública;Não.;Não frequentou;Não frequentou;Não.;Não frequentou;Não frequentou;Não frequentou;Não frequentou;Não frequentou;Não frequentou;Não frequentou;Não frequentou;Não frequentou;Não frequentou;Não frequentou;Não frequentou;Não frequentou
Saúde Pública;1967;Brasil;PI;Floriano;Ascendente primeiro grau (pai/mãe);Feminino;Preta;Sim;Não frequentou;Não frequentou;Pública;Completo;Iniciado e não concluído;Pública;Não.;Não frequentou;Não frequentou;Não.;Não frequentou;Não frequentou;-;Não frequentou;Não frequentou;Não frequentou;Não frequentou;Não frequentou;Não frequentou;Não frequentou;Não frequentou;Não frequentou;Não frequentou
Saúde Pública;1929;Brasil;PI;Eliseu Martins;Ascendente segundo grau (avô/avó);Feminino;Preta;Não;Não frequentou;Não frequentou;Não frequentou;Não frequentou;Não frequentou;Não frequentou;Não.;Não frequentou;Não frequentou;Não.;Não frequentou;Não frequentou;0;Não frequentou;Não frequentou;Não frequentou;Não frequentou;Não frequentou;Não frequentou;Não frequentou;Não frequentou;Não frequentou;Não frequentou
Saúde Pública;1877;Brasil;PR;Jaguariauva;Ascendente segundo grau (avô/avó);Masculino;Branca;Sim;Não frequentou;Não frequentou;Não frequentou;Completo;Não frequentou;Pública;Não.;Não frequentou;Não frequentou;Não.;Não frequentou;Não frequentou;0;Não frequentou;Não frequentou;Não frequentou;Não frequentou;Não frequentou;Não frequentou;Não frequentou;Não frequentou;Não frequentou;Não frequentou
Saúde Pública;1919;Brasil;PR;Lapa;Ascendente primeiro grau (pai/mãe);Masculino;Branca;Sim;Não frequentou;Não frequentou;Não frequentou;Completo;Completo;Privada;Não.;Completo;Privada;Não.;Completo;Não frequentou;1941;Bacharelado;Pública;Ciências da Saúde;Não frequentou;Completo;Completo;Não frequentou;Não frequentou;Não frequentou;Pública
Saúde Pública;1955;Brasil;SP;São Paulo;Você;Feminino;Branca;Sim;Não frequentou;Não frequentou;Pública;Completo;Completo;Privada;Não.;Completo;Privada;Não.;Completo;Não frequentou;1974;Bacharelado;Pública;Ciências da Saúde;Não frequentou;Completo;Completo;Completo;Não frequentou;Não frequentou;Pública
Saúde Pública;1899;Brasil;PR;Lapa;Ascendente segundo grau (avô/avó);Feminino;Branca;Sim;Não frequentou;Não frequentou;Não frequentou;Completo;Completo;Pública;Não.;Completo;Pública;Não.;Não frequentou;Não frequentou;0;Não frequentou;Não frequentou;Não frequentou;Não frequentou;Não frequentou;Não frequentou;Não frequentou;Não frequentou;Não frequentou;Não frequentou
Saúde Pública;1892;Brasil;SP;São Paulo;Ascendente segundo grau (avô/avó);Feminino;Branca;Sim;Não frequentou;Não frequentou;Não frequentou;Completo;Não frequentou;Não frequentou;Não.;Não frequentou;Não frequentou;Não.;Não frequentou;Não frequentou;0;Não frequentou;Não frequentou;Não frequentou;Não frequentou;Não frequentou;Não frequentou;Não frequentou;Não frequentou;Não frequentou;Não frequentou
Saúde Pública;1888;Itália;AC;Montesano;Ascendente segundo grau (avô/avó);Masculino;Branca;Sim;Não frequentou;Não frequentou;Não frequentou;Completo;Não frequentou;Pública;Não.;Não frequentou;Não frequentou;Não.;Não frequentou;Não frequentou;0;Não frequentou;Não frequentou;Não frequentou;Não frequentou;Não frequentou;Não frequentou;Não frequentou;Não frequentou;Não frequentou;Não frequentou
Saúde Pública;1960;Brasil;SP;São Paulo;Colateral (irmão/irmã);Feminino;Branca;Sim;Não frequentou;Não frequentou;Privada;Completo;Completo;Privada;Não.;Completo;Privada;Não.;Completo;Não frequentou;1979;Bacharelado;Pública;Ciências Exatas e da Terra;Não frequentou;Não frequentou;Não frequentou;Não frequentou;Não frequentou;Não frequentou;Não frequentou
Saúde Pública;1949;Brasil;SP;São Paulo;Colateral (irmão/irmã);Masculino;Branca;Sim;Não frequentou;Não frequentou;Não frequentou;Completo;Completo;Privada;Não.;Completo;Privada;Não.;Completo;Não frequentou;1967;Bacharelado e licenciatura;Pública;Ciências Biológicas;Não frequentou;Não frequentou;Iniciado e não concluído;Não frequentou;Não frequentou;Não frequentou;Pública
Saúde Pública;1957;Brasil;SP;São Paulo;Colateral (irmão/irmã);Masculino;Branca;Sim;Não frequentou;Não frequentou;Privada;Completo;Completo;Privada;Não.;Completo;Privada;Não.;Completo;Não frequentou;1976;Bacharelado e licenciatura;Pública;Ciências Exatas e da Terra;Não frequentou;Não frequentou;Completo;Não frequentou;Não frequentou;Não frequentou;Pública
Saúde Pública;1947;Brasil;SP;São Paulo;Colateral (irmão/irmã);Masculino;Branca;Sim;Não frequentou;Não frequentou;Privada;Completo;Completo;Privada;Não.;Completo;Privada;Não.;Completo;Não frequentou;1966;Bacharelado;Pública;Ciências Exatas e da Terra;Não frequentou;Não frequentou;Iniciado e não concluído;Não frequentou;Não frequentou;Não frequentou;Pública
Saúde Pública;1952;Brasil;SP;São Paulo;Colateral (irmão/irmã);Masculino;Branca;Sim;Não frequentou;Não frequentou;Privada;Completo;Completo;Privada;Não.;Completo;Não frequentou;Não.;Completo;Não frequentou;1969;Bacharelado e licenciatura;Pública;Ciências Exatas e da Terra;Não frequentou;Não frequentou;Não frequentou;Não frequentou;Não frequentou;Não frequentou;Pública
Saúde Pública;1919;Brasil;SP;São Paulo;Ascendente primeiro grau (pai/mãe);Feminino;Branca;Sim;Não frequentou;Não frequentou;Não frequentou;Completo;Não frequentou;Pública;Não.;Não frequentou;Pública;Não.;Não frequentou;Não frequentou;0;Não frequentou;Não frequentou;Não frequentou;Não frequentou;Não frequentou;Não frequentou;Não frequentou;Não frequentou;Não frequentou;Não frequentou
Nutrição em saúde pública;1998;Brasil;PE;Petrolina;Você;Feminino;Branca;Sim;Não frequentou;Frequentou;Privada;Completo;Completo;Privada;Não.;Completo;Privada;Não.;Completo;Não frequentou;2020;Bacharelado;Pública;Ciências da Saúde;Não frequentou;Iniciado e não concluído;Iniciado e não concluído;Não frequentou;Não frequentou;Não frequentou;Pública
Nutrição em saúde pública;2000;Brasil;PE;Petrolina;Colateral (irmão/irmã);Masculino;Branca;Sim;Não frequentou;Frequentou;Privada;Completo;Completo;Privada;Não.;Completo;Privada;Não.;Completo;Não frequentou;2018;Bacharelado;Pública;Ciências da Saúde;Não frequentou;Iniciado e não concluído;Não frequentou;Não frequentou;Não frequentou;Não frequentou;Pública
Saúde Pública;2001;Brasil;SP;Bragança Paulista;Você;Não-binário;Branca;Sim;Não frequentou;Frequentou;Pública;Completo;Completo;Privada;Não.;Completo;Privada;Não.;Completo;Não frequentou;2021;Bacharelado;Pública;Ciências da Saúde;Sim e não concluiu;Não frequentou;Iniciado e não concluído;Não frequentou;Não frequentou;Não frequentou;Pública
Saúde Pública;1993;Brasil;SP;São Paulo;Colateral (irmão/irmã);Feminino;Preta;Sim;Frequentou;Frequentou;Privada;Completo;Completo;Pública;Não.;Completo;Pública;Não.;Completo;Não frequentou;2012;Bacharelado;Privada;Engenharias;Sim e concluiu;Completo;Não frequentou;Não frequentou;Não frequentou;Não frequentou;Privada
Nutrição em saúde pública;1966;Brasil;BA;Xique-Xique;Ascendente primeiro grau (pai/mãe);Masculino;Branca;Sim;Não frequentou;Não frequentou;Não frequentou;Completo;Completo;Pública;Não.;Completo;Pública;Não.;Não frequentou;Não frequentou;"Não frequentou""";Não frequentou;Não frequentou;Não frequentou;Não frequentou;Não frequentou;Não frequentou;Não frequentou;Não frequentou;Não frequentou;Não frequentou
Nutrição em saúde pública;1982;Brasil;BA;Uibaí;Ascendente primeiro grau (pai/mãe);Feminino;Parda;Sim;Não frequentou;Não frequentou;Não frequentou;Completo;Completo;Pública;Não.;Completo;Pública;Sim. Na EJA.;Não frequentou;Não frequentou;Não frequentou;Não frequentou;Não frequentou;Não frequentou;Não frequentou;Não frequentou;Não frequentou;Não frequentou;Não frequentou;Não frequentou;Pública
Nutrição em saúde pública;2002;Brasil;SP;Ribeirão Pires;Colateral (irmão/irmã);Masculino;Branca;Sim;Não frequentou;Frequentou;Pública;Completo;Completo;Pública;Não.;Completo;Pública;Não.;Iniciado e não concluído;Não frequentou;2023 - cursando;Bacharelado;Privada;Engenharias;Não frequentou;Não frequentou;Não frequentou;Não frequentou;Não frequentou;Não frequentou;Não frequentou
Saúde Global e Sustentabilidade;2004;Estados Unidos;Não nasceu no Brasil;Naperville;Colateral (irmão/irmã);Masculino;Branca;Sim;Não frequentou;Frequentou;Privada;Completo;Completo;Privada;Não.;Completo;Privada;Não.;Iniciado e não concluído;Não frequentou;2023;Bacharelado;Privada;Ciências Exatas e da Terra;Sim e não concluiu;Não frequentou;Não frequentou;Não frequentou;Não frequentou;Não frequentou;Não frequentou
Saúde Global e Sustentabilidade;2002;Estados Unidos;Não nasceu no Brasil;Naperville;Você;Feminino;Branca;Sim;Não frequentou;Frequentou;Privada;Completo;Completo;Privada;Não.;Completo;Privada;Não.;Completo;Não frequentou;2021;Bacharelado;Pública;Ciências da Saúde;Não frequentou;Não frequentou;Não frequentou;Não frequentou;Iniciado e não concluído;Não frequentou;Pública
Saúde Pública;24/11/137;Brasil;MG;nova lima;Ascendente primeiro grau (pai/mãe);Masculino;Preta;Sim;Não frequentou;Não frequentou;Não frequentou;Completo;Completo;Pública;Não.;Completo;Pública;Não.;Não frequentou;Não frequentou;não frequentou;Não frequentou;Não frequentou;Não frequentou;Não frequentou;Não frequentou;Não frequentou;Não frequentou;Não frequentou;Não frequentou;Não frequentou
Saúde Pública;1998;Brasil;SP;São Paulo;Colateral (irmão/irmã);Masculino;Branca;Sim;Não frequentou;Frequentou;Privada;Completo;Completo;Privada;Não.;Completo;Privada;Não.;Completo;Não frequentou;2016;Bacharelado;Pública;Ciências Biológicas;Não frequentou;Não frequentou;Não frequentou;Não frequentou;Não frequentou;Não frequentou;Não frequentou
Saúde Pública;1996;Brasil;SP;São Paulo;Você;Feminino;Branca;Sim;Não frequentou;Não frequentou;Não frequentou;Completo;Completo;Privada;Não.;Completo;Privada;Não.;Completo;Não frequentou;2016;Bacharelado;Pública;Ciências da Saúde;Não frequentou;Não frequentou;Completo;Iniciado e não concluído;Não frequentou;Não frequentou;Pública
Saúde Pública;1990;Brasil;SP;Nova Granada;Descendente primeiro grau (filho/filha);Masculino;Branca;Sim;Não frequentou;Frequentou;Privada;Completo;Completo;Privada;Não.;Completo;Privada;Não.;Completo;Não frequentou;2009;Bacharelado;Pública;Ciências Agrárias;Não frequentou;Não frequentou;Completo;Não frequentou;Não frequentou;Não frequentou;Pública
Saúde Pública;1971;Brasil;SP;Nova Granada;Ascendente primeiro grau (pai/mãe);Feminino;Branca;Sim;Frequentou;Frequentou;Pública;Completo;Completo;Pública;Não.;Completo;Pública;Não.;Completo;Não frequentou;2006;Bacharelado;Privada;Ciências da Saúde;Não frequentou;Não frequentou;Não frequentou;Não frequentou;Não frequentou;Não frequentou;Não frequentou
Saúde Pública;2002;Brasil;SP;São Paulo;Você;Feminino;Branca;Sim;Não frequentou;Frequentou;Pública;Completo;Completo;Pública;Não.;Completo;Pública;Não.;Completo;Não frequentou;2020;Bacharelado;Privada;Ciências Humanas;Não frequentou;Iniciado e não concluído;Iniciado e não concluído;Não frequentou;Não frequentou;Não frequentou;Pública
Saúde Pública;1973;Brasil;SP;São Paulo;Ascendente primeiro grau (pai/mãe);Feminino;Branca;Sim;Não frequentou;Não frequentou;Não frequentou;Completo;Completo;Pública;Não.;Completo;Pública;Não.;Completo;Não frequentou;2021;Curso superior de tecnologia (tecnólogo);Privada;Ciências Exatas e da Terra;Sim e não concluiu;Não frequentou;Não frequentou;Não frequentou;Não frequentou;Não frequentou;Não frequentou
Saúde Pública;1947;Brasil;MG;Guaxupé;Ascendente segundo grau (avô/avó);Feminino;Parda;Não;Não frequentou;Não frequentou;Não frequentou;Não frequentou;Não frequentou;Não frequentou;Não.;Não frequentou;Não frequentou;Não.;Não frequentou;Não frequentou;Não frequentou;Não frequentou;Não frequentou;Não frequentou;Não frequentou;Não frequentou;Não frequentou;Não frequentou;Não frequentou;Não frequentou;Não frequentou
Saúde Pública;1992;Brasil;SP;São Paulo;Colateral (irmão/irmã);Feminino;Branca;Sim;Não frequentou;Frequentou;Pública;Completo;Completo;Pública;Não.;Completo;Pública;Não.;Completo;Não frequentou;2010;Curso superior de tecnologia (tecnólogo);Privada;Ciências Exatas e da Terra;Sim e concluiu;Completo;Não frequentou;Não frequentou;Não frequentou;Não frequentou;Privada
Saúde Pública;1971;Brasil;SP;Nova Granada;Ascendente primeiro grau (pai/mãe);Masculino;Branca;Não;Frequentou;Frequentou;Pública;Completo;Completo;Pública;Não.;Completo;Pública;Não.;Completo;Completo;2003;Bacharelado;Privada;Ciências Humanas;Não frequentou;Não frequentou;Não frequentou;Não frequentou;Não frequentou;Não frequentou;Não frequentou
Saúde Pública;1950;Brasil;SP;Nova Granada;Ascendente segundo grau (avô/avó);Masculino;Branca;Não;Não frequentou;Frequentou;Pública;Iniciado e não concluído;Não frequentou;Pública;Não.;Não frequentou;Não frequentou;Não.;Não frequentou;Não frequentou;Não frequentou;Não frequentou;Privada;Não frequentou;Não frequentou;Não frequentou;Não frequentou;Não frequentou;Não frequentou;Não frequentou;Não frequentou
Saúde Pública;1947;Brasil;SP;Nova Granada;Ascendente segundo grau (avô/avó);Feminino;Branca;Sim;Não frequentou;Frequentou;Pública;Completo;Completo;Pública;Não.;Não frequentou;Não frequentou;Não.;Não frequentou;Não frequentou;Não frequentou;Não frequentou;Não frequentou;Não frequentou;Não frequentou;Não frequentou;Não frequentou;Não frequentou;Não frequentou;Não frequentou;Não frequentou
Saúde Pública;1923;Espanha;Não nasceu no Brasil;Salamanca;Ascendente terceiro grau (bisavô/bisavó);Masculino;Branca;Sim;Não frequentou;Não frequentou;Não frequentou;Completo;Não frequentou;Não frequentou;Não.;Não frequentou;Não frequentou;Não.;Não frequentou;Não frequentou;Não frequentou;Não frequentou;Não frequentou;Não frequentou;Não frequentou;Não frequentou;Não frequentou;Não frequentou;Não frequentou;Não frequentou;Não frequentou
Saúde Pública;1930;Brasil;SP;Nova Granda;Ascendente terceiro grau (bisavô/bisavó);Feminino;Parda;Não;Não frequentou;Não frequentou;Não frequentou;Não frequentou;Não frequentou;Não frequentou;Não.;Não frequentou;Não frequentou;Não.;Não frequentou;Não frequentou;Não frequentou;Não frequentou;Não frequentou;Não frequentou;Não frequentou;Não frequentou;Não frequentou;Não frequentou;Não frequentou;Não frequentou;Não frequentou
Saúde Global e Sustentabilidade;1965;Brasil;MG;Nepomuceno;Ascendente primeiro grau (pai/mãe);Feminino;Branca;Sim;Não frequentou;Não frequentou;Não frequentou;Completo;Completo;Pública;Não.;Completo;Pública;Não.;Completo;Não frequentou;1985;Licenciatura;Privada;Lingüística, Letras e Artes;Não frequentou;Não frequentou;Não frequentou;Não frequentou;Não frequentou;Não frequentou;Não frequentou
Saúde Global e Sustentabilidade;1965;Brasil;SP;Santo André;Ascendente primeiro grau (pai/mãe);Masculino;Parda;Sim;Não frequentou;Não frequentou;Não frequentou;Completo;Completo;Pública;Não.;Completo;Pública;Sim. Na EJA.;Completo;Não frequentou;2016;Curso superior de tecnologia (tecnólogo);Pública;Ciências Exatas e da Terra;Não frequentou;Não frequentou;Não frequentou;Não frequentou;Não frequentou;Não frequentou;Não frequentou
Saúde Pública;2000;Brasil;SP;São Paulo;Você;Feminino;Preta;Sim;Frequentou;Frequentou;Pública;Completo;Completo;Pública;Não.;Completo;Pública;Não.;Completo;Não frequentou;2019;Bacharelado;Pública;Ciências da Saúde;Não frequentou;Iniciado e não concluído;Não frequentou;Não frequentou;Iniciado e não concluído;Não frequentou;Pública
Saúde Pública;1976;Brasil;BA;Serrinha;Ascendente primeiro grau (pai/mãe);Feminino;Parda;Sim;Não frequentou;Não frequentou;Não frequentou;Completo;Completo;Pública;Não.;Completo;Pública;Não.;Completo;Não frequentou;2006;Licenciatura;Privada;Ciências Humanas;Não frequentou;Completo;Não frequentou;Não frequentou;Não frequentou;Não frequentou;Privada
Saúde Pública;1942;Brasil;BA;Serrinha;Ascendente segundo grau (avô/avó);Feminino;Parda;Sim;Não frequentou;Não frequentou;Não frequentou;Completo;Não frequentou;Pública;Sim. O ensino fundamental 2.;Completo;Pública;Sim. Na EJA.;Não frequentou;Não frequentou;2004;Não frequentou;Não frequentou;Não frequentou;Não frequentou;Não frequentou;Não frequentou;Não frequentou;Não frequentou;Não frequentou;Não frequentou
Saúde Pública;1924;Brasil;BA;Serrinha;Ascendente terceiro grau (bisavô/bisavó);Feminino;Parda;Não;Não frequentou;Não frequentou;Não frequentou;Não frequentou;Não frequentou;Não frequentou;Não.;Não frequentou;Não frequentou;Não.;Não frequentou;Não frequentou;Não frequentou;Não frequentou;Não frequentou;Não frequentou;Não frequentou;Não frequentou;Não frequentou;Não frequentou;Não frequentou;Não frequentou;Não frequentou
Saúde Global e Sustentabilidade;1946;Brasil;SP;Cananeia;Ascendente segundo grau (avô/avó);Feminino;Indígena;Sim;Não frequentou;Não frequentou;Não frequentou;Completo;Não frequentou;Pública;Não.;Não frequentou;Não frequentou;Não.;Não frequentou;Não frequentou;não frequentou;Não frequentou;Não frequentou;Não frequentou;Não frequentou;Não frequentou;Não frequentou;Não frequentou;Não frequentou;Não frequentou;Não frequentou
Saúde Global e Sustentabilidade;1926;Brasil;MG;Nepomuceno;Ascendente segundo grau (avô/avó);Masculino;Branca;Sim;Não frequentou;Não frequentou;Não frequentou;Completo;Não frequentou;Pública;Não.;Não frequentou;Não frequentou;Não.;Não frequentou;Não frequentou;Não frequentou;Não frequentou;Não frequentou;Não frequentou;Não frequentou;Não frequentou;Não frequentou;Não frequentou;Não frequentou;Não frequentou;Não frequentou
Saúde Pública;1956;Brasil;PR;Ribeirão do Pinhal;Ascendente primeiro grau (pai/mãe);Feminino;Parda;Sim;Não frequentou;Não frequentou;Não frequentou;Completo;Iniciado e não concluído;Pública;Não.;Não frequentou;Não frequentou;Não.;Não frequentou;Não frequentou;Não frequentou;Não frequentou;Não frequentou;Não frequentou;Não frequentou;Não frequentou;Não frequentou;Não frequentou;Não frequentou;Não frequentou;Não frequentou
Saúde Pública;1965;Brasil;PR;Curitiba;Ascendente primeiro grau (pai/mãe);Masculino;Branca;Sim;Não frequentou;Não frequentou;Não frequentou;Completo;Completo;Pública;Não.;Completo;Pública;Não.;Não frequentou;Não frequentou;Não frequentou;Não frequentou;Não frequentou;Não frequentou;Não frequentou;Não frequentou;Não frequentou;Não frequentou;Não frequentou;Não frequentou;Não frequentou
Saúde Pública;1999;Brasil;PR;Curitiba;Colateral (irmão/irmã);Masculino;Branca;Sim;Frequentou;Frequentou;Privada;Completo;Completo;Privada;Não.;Completo;Privada;Não.;Iniciado e não concluído;Não frequentou;2020;Bacharelado;Privada;Ciências Biológicas;Sim e não concluiu;Não frequentou;Não frequentou;Não frequentou;Não frequentou;Não frequentou;Não frequentou
Saúde Pública;1959;Brasil;SP;Santa Clara do Oeste;Ascendente primeiro grau (pai/mãe);Masculino;Branca;Sim;Não frequentou;Não frequentou;Não frequentou;Completo;Completo;Pública;Não.;Completo;Pública;Não.;Completo;Não frequentou;2000;Bacharelado;Privada;Ciências Exatas e da Terra;Não frequentou;Não frequentou;Não frequentou;Não frequentou;Não frequentou;Não frequentou;Não frequentou
Saúde Pública;1999;Brasil;SP;São Paulo;Você;Feminino;Branca;Sim;Não frequentou;Frequentou;Pública;Completo;Completo;Privada;Não.;Completo;Privada;Não.;Completo;Não frequentou;2023;Bacharelado;Pública;Ciências da Saúde;Não frequentou;Completo;Iniciado e não concluído;Não frequentou;Não frequentou;Não frequentou;Pública
Saúde Pública;1935;Brasil;SP;São Paulo;Ascendente segundo grau (avô/avó);Feminino;Parda;Sim;Não frequentou;Não frequentou;Não frequentou;Completo;Iniciado e não concluído;Pública;Não.;Não frequentou;Não frequentou;Não.;Não frequentou;Não frequentou;Não frequentou;Não frequentou;Não frequentou;Não frequentou;Não frequentou;Não frequentou;Não frequentou;Não frequentou;Não frequentou;Não frequentou;Não frequentou
Saúde Pública;1992;Brasil;SP;São Paulo;Colateral (irmão/irmã);Feminino;Branca;Sim;Não frequentou;Frequentou;Pública;Completo;Completo;Privada;Não.;Completo;Privada;Não.;Completo;Não frequentou;2009;Curso superior de tecnologia (tecnólogo);Pública;Ciências Exatas e da Terra;Não frequentou;Completo;Não frequentou;Não frequentou;Não frequentou;Não frequentou;Privada
Saúde Pública;1966;Brasil;BA;Jequié;Ascendente primeiro grau (pai/mãe);Masculino;Parda;Sim;Não frequentou;Não frequentou;Não frequentou;Completo;Completo;Pública;Não.;Iniciado e não concluído;Pública;Não.;Não frequentou;Não frequentou;Não Frequentou;Não frequentou;Não frequentou;Não frequentou;Não frequentou;Não frequentou;Não frequentou;Não frequentou;Não frequentou;Não frequentou;Não frequentou
Saúde Pública;1967;Brasil;BA;Riacho de Santana;Ascendente primeiro grau (pai/mãe);Feminino;Preta;Sim;Não frequentou;Não frequentou;Não frequentou;Completo;Completo;Privada;Sim. O ensino fundamental 1.;Não frequentou;Não frequentou;Não.;Não frequentou;Não frequentou;Não frequentou;Não frequentou;Não frequentou;Não frequentou;Não frequentou;Não frequentou;Não frequentou;Não frequentou;Não frequentou;Não frequentou;Não frequentou
Saúde Pública;1998;Brasil;SP;São Paulo;Você;Feminino;Preta;Sim;Não frequentou;Frequentou;Pública;Completo;Completo;Pública;Não.;Completo;Pública;Não.;Completo;Não frequentou;2020;Bacharelado;Pública;Ciências da Saúde;Não frequentou;Completo;Iniciado e não concluído;Não frequentou;Não frequentou;Não frequentou;Pública
Saúde Pública;1997;Brasil;SP;Mogi das Cruzes;Colateral (irmão/irmã);Feminino;Preta;Sim;Não frequentou;Frequentou;Pública;Completo;Completo;Pública;Não.;Completo;Pública;Não.;Completo;Não frequentou;2018;Licenciatura;Pública;Ciências Humanas;Não frequentou;Não frequentou;Completo;Não frequentou;Não frequentou;Não frequentou;Pública
Saúde Pública;73;Brasil;BA;Riacho de Santana;Ascendente segundo grau (avô/avó);Feminino;Preta;Não;Não frequentou;Não frequentou;Não frequentou;Não frequentou;Não frequentou;Não frequentou;Não.;Não frequentou;Não frequentou;Não.;Não frequentou;Não frequentou;Não Frequentou;Não frequentou;Não frequentou;Não frequentou;Não frequentou;Não frequentou;Não frequentou;Não frequentou;Não frequentou;Não frequentou;Não frequentou
Saúde Pública;1950;Brasil;BA;Riacho de Santana;Ascendente segundo grau (avô/avó);Masculino;Preta;Não;Não frequentou;Não frequentou;Não frequentou;Não frequentou;Não frequentou;Não frequentou;Não.;Não frequentou;Não frequentou;Não.;Não frequentou;Não frequentou;Não Frequentou;Não frequentou;Não frequentou;Não frequentou;Não frequentou;Não frequentou;Não frequentou;Não frequentou;Não frequentou;Não frequentou;Não frequentou
Saúde Pública;1949;Brasil;BA;Jequié;Ascendente segundo grau (avô/avó);Masculino;Preta;Não;Não frequentou;Não frequentou;Não frequentou;Completo;Completo;Pública;Sim. O ensino fundamental 1.;Completo;Pública;Não.;Não frequentou;Não frequentou;Não frquentou;Não frequentou;Não frequentou;Não frequentou;Não frequentou;Não frequentou;Não frequentou;Não frequentou;Não frequentou;Não frequentou;Não frequentou
Saúde Pública;*;Brasil;BA;*;Ascendente segundo grau (avô/avó);Feminino;Parda;Não;Não frequentou;Não frequentou;Não frequentou;Não frequentou;Não frequentou;Não frequentou;Não.;Não frequentou;Não frequentou;Não.;Não frequentou;Não frequentou;Não Frequentou;Não frequentou;Não frequentou;Não frequentou;Não frequentou;Não frequentou;Não frequentou;Não frequentou;Não frequentou;Não frequentou;Não frequentou
Saúde Pública;*;Brasil;Não nasceu no Brasil;Algum Estado da Itália;Ascendente terceiro grau (bisavô/bisavó);Feminino;Branca;Não;Não frequentou;Não frequentou;Não frequentou;Não frequentou;Não frequentou;Não frequentou;Não.;Não frequentou;Não frequentou;Não.;Não frequentou;Não frequentou;Não frequentou;Não frequentou;Não frequentou;Não frequentou;Não frequentou;Não frequentou;Não frequentou;Não frequentou;Não frequentou;Não frequentou;Não frequentou
Saúde Pública;1966;Brasil;SP;Bragança Paulista;Ascendente primeiro grau (pai/mãe);Feminino;Branca;Sim;Não frequentou;Frequentou;Pública;Completo;Completo;Pública;Não.;Completo;Pública;Não.;Completo;Não frequentou;1989;Licenciatura;Privada;Ciências Humanas;Não frequentou;Completo;Não frequentou;Não frequentou;Não frequentou;Não frequentou;Privada
Saúde Pública;*;Brasil;BA;mamis não sabe;Ascendente terceiro grau (bisavô/bisavó);Masculino;Preta;Não;Não frequentou;Não frequentou;Não frequentou;Não frequentou;Não frequentou;Não frequentou;Não.;Não frequentou;Não frequentou;Não.;Não frequentou;Não frequentou;Não frequentou;Não frequentou;Não frequentou;Não frequentou;Não frequentou;Não frequentou;Não frequentou;Não frequentou;Não frequentou;Não frequentou;Não frequentou
Saúde Pública;1966;Brasil;SP;Pinhalzinho;Ascendente primeiro grau (pai/mãe);Masculino;Branca;Sim;Não frequentou;Frequentou;Pública;Iniciado e não concluído;Não frequentou;Pública;Não.;Não frequentou;Não frequentou;Não.;Não frequentou;Não frequentou;não frequentou;Não frequentou;Não frequentou;Não frequentou;Não frequentou;Não frequentou;Não frequentou;Não frequentou;Não frequentou;Não frequentou;Não frequentou
Saúde Pública;*;Brasil;Não nasceu no Brasil;mamis não sabe;Ascendente terceiro grau (bisavô/bisavó);Masculino;Preta;Não;Não frequentou;Não frequentou;Não frequentou;Não frequentou;Não frequentou;Não frequentou;Não.;Não frequentou;Não frequentou;Não.;Não frequentou;Não frequentou;Não frequentou;Não frequentou;Não frequentou;Não frequentou;Não frequentou;Não frequentou;Não frequentou;Não frequentou;Não frequentou;Não frequentou;Não frequentou
Saúde Pública;*;Brasil;BA;mamis não sabe;Ascendente terceiro grau (bisavô/bisavó);Feminino;Preta;Não;Não frequentou;Não frequentou;Não frequentou;Não frequentou;Não frequentou;Não frequentou;Não.;Não frequentou;Não frequentou;Não.;Não frequentou;Não frequentou;Não frequentou;Não frequentou;Não frequentou;Não frequentou;Não frequentou;Não frequentou;Não frequentou;Não frequentou;Não frequentou;Não frequentou;Não frequentou
Saúde Pública;1941;Brasil;SP;Morungaba;Ascendente segundo grau (avô/avó);Feminino;Branca;Sim;Não frequentou;Frequentou;Pública;Completo;Completo;Pública;Não.;Não frequentou;Não frequentou;Não.;Não frequentou;Não frequentou;não frequentou;Não frequentou;Não frequentou;Não frequentou;Não frequentou;Não frequentou;Não frequentou;Não frequentou;Não frequentou;Não frequentou;Não frequentou
Saúde Pública;*;Brasil;BA;papis não sabe;Ascendente terceiro grau (bisavô/bisavó);Masculino;Preta;Não;Não frequentou;Não frequentou;Não frequentou;Não frequentou;Não frequentou;Não frequentou;Não.;Não frequentou;Não frequentou;Não.;Não frequentou;Não frequentou;não frequentou;Não frequentou;Não frequentou;Não frequentou;Não frequentou;Não frequentou;Não frequentou;Não frequentou;Não frequentou;Não frequentou;Não frequentou
Saúde Pública;1936;Brasil;SP;Morungaba;Ascendente segundo grau (avô/avó);Masculino;Branca;Sim;Não frequentou;Frequentou;Pública;Completo;Completo;Pública;Não.;Não frequentou;Não frequentou;Não.;Não frequentou;Não frequentou;não frequentou;Não frequentou;Não frequentou;Não frequentou;Não frequentou;Não frequentou;Não frequentou;Não frequentou;Não frequentou;Não frequentou;Não frequentou
Nutrição em saúde pública;1977;Brasil;SP;São Paulo;Ascendente primeiro grau (pai/mãe);Feminino;Branca;Sim;Não frequentou;Frequentou;Privada;Completo;Completo;Privada;Não.;Completo;Privada;Não.;Completo;Não frequentou;1995;Bacharelado;Privada;Ciências Humanas;Sim e não concluiu;Completo;Não frequentou;Não frequentou;Não frequentou;Não frequentou;Privada
Nutrição em saúde pública;2009;Brasil;SP;São Paulo;Colateral (irmão/irmã);Feminino;Branca;Sim;Não frequentou;Frequentou;Privada;Completo;Completo;Privada;Não.;Iniciado e não concluído;Pública;Sim. No ensino técnico.;Não frequentou;Não frequentou;Não frequentou;Não frequentou;Não frequentou;Não frequentou;Não frequentou;Não frequentou;Não frequentou;Não frequentou;Não frequentou;Não frequentou;Não frequentou
Saúde Pública;1944;Brasil;SP;Pinhalzinho;Ascendente segundo grau (avô/avó);Feminino;Branca;Sim;Não frequentou;Frequentou;Pública;Iniciado e não concluído;Não frequentou;Pública;Não.;Não frequentou;Não frequentou;Não.;Não frequentou;Não frequentou;não frequentou;Não frequentou;Não frequentou;Não frequentou;Não frequentou;Não frequentou;Não frequentou;Não frequentou;Não frequentou;Não frequentou;Não frequentou
Nutrição em saúde pública;1958;Brasil;SP;Presidente Bernardes;Ascendente segundo grau (avô/avó);Feminino;Branca;Sim;Não frequentou;Não frequentou;Não frequentou;Completo;Completo;Pública;Não.;Completo;Pública;Não.;Não frequentou;Não frequentou;Não frequentou;Não frequentou;Não frequentou;Não frequentou;Não frequentou;Não frequentou;Não frequentou;Não frequentou;Não frequentou;Não frequentou;Não frequentou
Saúde Pública;1938;Brasil;SP;Pinhalzinho;Ascendente segundo grau (avô/avó);Masculino;Parda;Sim;Não frequentou;Frequentou;Pública;Iniciado e não concluído;Não frequentou;Pública;Não.;Não frequentou;Não frequentou;Não.;Não frequentou;Não frequentou;não frequentou;Não frequentou;Não frequentou;Não frequentou;Não frequentou;Não frequentou;Não frequentou;Não frequentou;Não frequentou;Não frequentou;Não frequentou
Nutrição em saúde pública;1978;Brasil;SP;Osasco;Ascendente primeiro grau (pai/mãe);Masculino;Branca;Sim;Não frequentou;Não frequentou;Não frequentou;Completo;Completo;Privada;Não.;Completo;Pública;Sim. No ensino técnico.;Completo;Não frequentou;1996;Bacharelado;Privada;Ciências Humanas;Não frequentou;Não frequentou;Não frequentou;Não frequentou;Não frequentou;Não frequentou;Não frequentou
Saúde Pública;*;Brasil;BA;papis não sabe;Ascendente terceiro grau (bisavô/bisavó);Feminino;Preta;Não;Não frequentou;Não frequentou;Não frequentou;Não frequentou;Não frequentou;Não frequentou;Não.;Não frequentou;Não frequentou;Não.;Não frequentou;Não frequentou;Não frequentou;Não frequentou;Não frequentou;Não frequentou;Não frequentou;Não frequentou;Não frequentou;Não frequentou;Não frequentou;Não frequentou;Não frequentou
Nutrição em saúde pública;1927;Brasil;PR;Cianorte;Ascendente terceiro grau (bisavô/bisavó);Feminino;Branca;Sim;Não frequentou;Não frequentou;Não frequentou;Iniciado e não concluído;Não frequentou;Pública;Não.;Não frequentou;Não frequentou;Não.;Não frequentou;Não frequentou;Não frequentou;Não frequentou;Não frequentou;Não frequentou;Não frequentou;Não frequentou;Não frequentou;Não frequentou;Não frequentou;Não frequentou;Não frequentou
Nutrição em saúde pública;1917;Brasil;PR;Cianorte;Ascendente terceiro grau (bisavô/bisavó);Masculino;Branca;Não;Não frequentou;Não frequentou;Não frequentou;Não frequentou;Não frequentou;Não frequentou;Não.;Não frequentou;Não frequentou;Não.;Não frequentou;Não frequentou;Não frequentou;Não frequentou;Não frequentou;Não frequentou;Não frequentou;Não frequentou;Não frequentou;Não frequentou;Não frequentou;Não frequentou;Não frequentou
Nutrição em saúde pública;1953;Brasil;SP;São Paulo;Ascendente segundo grau (avô/avó);Masculino;Branca;Sim;Não frequentou;Não frequentou;Não frequentou;Completo;Completo;Pública;Não.;Completo;Pública;Não.;Não frequentou;Não frequentou;Não frequentou;Não frequentou;Não frequentou;Não frequentou;Não frequentou;Não frequentou;Não frequentou;Não frequentou;Não frequentou;Não frequentou;Não frequentou
Nutrição em saúde pública;1953;Brasil;SP;Osasco;Ascendente segundo grau (avô/avó);Feminino;Branca;Sim;Não frequentou;Não frequentou;Não frequentou;Completo;Completo;Pública;Não.;Completo;Pública;Não.;Completo;Não frequentou;1984;Licenciatura;Privada;Ciências Humanas;Não frequentou;Completo;Não frequentou;Não frequentou;Não frequentou;Não frequentou;Privada
Nutrição em saúde pública;1952;Brasil;SP;Osasco;Ascendente segundo grau (avô/avó);Masculino;Branca;Sim;Não frequentou;Não frequentou;Não frequentou;Completo;Completo;Pública;Não.;Completo;Pública;Sim. No ensino técnico.;Não frequentou;Não frequentou;Não frequentou;Não frequentou;Não frequentou;Não frequentou;Não frequentou;Não frequentou;Não frequentou;Não frequentou;Não frequentou;Não frequentou;Não frequentou
Nutrição em saúde pública;2002;Brasil;SP;São Paulo;Você;Feminino;Branca;Sim;Não frequentou;Frequentou;Privada;Completo;Completo;Privada;Não.;Completo;Privada;Não.;Completo;Não frequentou;2020;Bacharelado;Pública;Ciências Humanas;Não frequentou;Não frequentou;Iniciado e não concluído;Não frequentou;Não frequentou;Não frequentou;Pública
Nutrição em saúde pública;1966;Brasil;PE;Serra Talhada;Ascendente primeiro grau (pai/mãe);Feminino;Branca;Sim;Não frequentou;Não frequentou;Não frequentou;Completo;Completo;Pública;Não.;Completo;Pública;Sim. No ensino técnico.;Completo;Não frequentou;1988;Licenciatura;Pública;Lingüística, Letras e Artes;Não frequentou;Completo;Não frequentou;Não frequentou;Não frequentou;Não frequentou;Privada
Nutrição em saúde pública;1971;Brasil;BA;Senhor do Bonfim;Ascendente primeiro grau (pai/mãe);Masculino;Branca;Sim;Não frequentou;Não frequentou;Não frequentou;Completo;Completo;Pública;Não.;Completo;Pública;Não.;Iniciado e não concluído;Não frequentou;Tentativas em anos diferentes;Não frequentou;Não frequentou;Não frequentou;Sim e não concluiu;Não frequentou;Não frequentou;Não frequentou;Não frequentou;Não frequentou;Não frequentou
Nutrição em saúde pública;1954;Brasil;BA;Senhor do Bonfim;Ascendente segundo grau (avô/avó);Feminino;Parda;Sim;Não frequentou;Não frequentou;Não frequentou;Não frequentou;Não frequentou;Não frequentou;Não.;Não frequentou;Não frequentou;Não.;Não frequentou;Não frequentou;Não frequentou ;Não frequentou;Não frequentou;Não frequentou;Não frequentou;Não frequentou;Não frequentou;Não frequentou;Não frequentou;Não frequentou;Não frequentou
Nutrição em saúde pública;-;Brasil;BA;Itúiba;Ascendente terceiro grau (bisavô/bisavó);Masculino;Parda;Sim;Não frequentou;Não frequentou;Não frequentou;Não frequentou;Não frequentou;Não frequentou;Não.;Não frequentou;Não frequentou;Não.;Não frequentou;Não frequentou;Não frequentou;Não frequentou;Não frequentou;Não frequentou;Não frequentou;Não frequentou;Não frequentou;Não frequentou;Não frequentou;Não frequentou;Não frequentou
Nutrição em saúde pública;1921;Brasil;BA;Senhor do Bonfim;Ascendente terceiro grau (bisavô/bisavó);Feminino;Branca;Sim;Não frequentou;Não frequentou;Não frequentou;Não frequentou;Não frequentou;Não frequentou;Não.;Não frequentou;Não frequentou;Não.;Não frequentou;Não frequentou;Não frequentou;Não frequentou;Não frequentou;Não frequentou;Não frequentou;Não frequentou;Não frequentou;Não frequentou;Não frequentou;Não frequentou;Não frequentou
Nutrição em saúde pública;1951;Brasil;BA;Itiúba;Ascendente segundo grau (avô/avó);Masculino;Parda;Sim;Não frequentou;Não frequentou;Não frequentou;Não frequentou;Não frequentou;Não frequentou;Não.;Não frequentou;Não frequentou;Não.;Não frequentou;Não frequentou;Não frequentou;Não frequentou;Não frequentou;Não frequentou;Não frequentou;Não frequentou;Não frequentou;Não frequentou;Não frequentou;Não frequentou;Não frequentou
Nutrição em saúde pública;1927;Brasil;BA;Itiúba;Ascendente terceiro grau (bisavô/bisavó);Masculino;Branca;Sim;Não frequentou;Não frequentou;Não frequentou;Não frequentou;Não frequentou;Não frequentou;Não.;Não frequentou;Não frequentou;Não.;Não frequentou;Não frequentou;Não frequentou;Não frequentou;Não frequentou;Não frequentou;Não frequentou;Não frequentou;Não frequentou;Não frequentou;Não frequentou;Não frequentou;Não frequentou
Nutrição em saúde pública;1929;Brasil;BA;Itiúba;Ascendente terceiro grau (bisavô/bisavó);Feminino;Parda;Sim;Não frequentou;Não frequentou;Não frequentou;Não frequentou;Não frequentou;Não frequentou;Não.;Não frequentou;Não frequentou;Não.;Não frequentou;Não frequentou;Não frequentou;Não frequentou;Não frequentou;Não frequentou;Não frequentou;Não frequentou;Não frequentou;Não frequentou;Não frequentou;Não frequentou;Não frequentou
Saúde Global e Sustentabilidade;1940;Portugal;Não nasceu no Brasil;Abaças;Ascendente segundo grau (avô/avó);Feminino;Branca;Sim;Não frequentou;Frequentou;Pública;Completo;Não frequentou;Pública;Não.;Não frequentou;Não frequentou;Não.;Não frequentou;Não frequentou;Não frequentou;Não frequentou;Não frequentou;Não frequentou;Não frequentou;Não frequentou;Não frequentou;Não frequentou;Não frequentou;Não frequentou;Não frequentou
Saúde Global e Sustentabilidade;1941;Portugal;Não nasceu no Brasil;Abaças;Ascendente segundo grau (avô/avó);Masculino;Branca;Sim;Não frequentou;Frequentou;Pública;Completo;Não frequentou;Pública;Não.;Não frequentou;Não frequentou;Não.;Não frequentou;Não frequentou;Não frequentou;Não frequentou;Não frequentou;Não frequentou;Não frequentou;Não frequentou;Não frequentou;Não frequentou;Não frequentou;Não frequentou;Não frequentou
Saúde Global e Sustentabilidade;1899;Alemanha;Não nasceu no Brasil;Schinne;Ascendente terceiro grau (bisavô/bisavó);Feminino;Branca;Sim;Não frequentou;Frequentou;Pública;Não frequentou;Não frequentou;Não frequentou;Não.;Não frequentou;Não frequentou;Não.;Não frequentou;Não frequentou;Não frequentou;Não frequentou;Não frequentou;Não frequentou;Não frequentou;Não frequentou;Não frequentou;Não frequentou;Não frequentou;Não frequentou;Não frequentou
Saúde Global e Sustentabilidade;1896;Alemanha;Não nasceu no Brasil;Schinne;Ascendente terceiro grau (bisavô/bisavó);Masculino;Branca;Sim;Não frequentou;Frequentou;Pública;Não frequentou;Não frequentou;Não frequentou;Não.;Não frequentou;Não frequentou;Não.;Não frequentou;Não frequentou;Não frequentou;Não frequentou;Não frequentou;Não frequentou;Não frequentou;Não frequentou;Não frequentou;Não frequentou;Não frequentou;Não frequentou;Não frequentou
Saúde Pública;1973;Brasil;SP;Flórida Paulista;Ascendente primeiro grau (pai/mãe);Feminino;Amarela;Sim;Frequentou;Não frequentou;Pública;Completo;Completo;Pública;Não.;Completo;Pública;Sim. No ensino técnico.;Completo;Não frequentou;2008;Bacharelado e licenciatura;Pública;Lingüística, Letras e Artes;Sim e não concluiu;Não frequentou;Não frequentou;Não frequentou;Não frequentou;Não frequentou;Não frequentou
Saúde Global e Sustentabilidade;1913;Brasil;SC;Jaragua do Sul;Ascendente terceiro grau (bisavô/bisavó);Feminino;Branca;Não;Não frequentou;Frequentou;Pública;Não frequentou;Não frequentou;Não frequentou;Não.;Não frequentou;Não frequentou;Não.;Não frequentou;Não frequentou;Não frequentou;Não frequentou;Não frequentou;Não frequentou;Não frequentou;Não frequentou;Não frequentou;Não frequentou;Não frequentou;Não frequentou;Não frequentou
Saúde Pública;1947;Brasil;SP;Tupã;Ascendente segundo grau (avô/avó);Feminino;Amarela;Sim;Não frequentou;Não frequentou;Não frequentou;Completo;Não frequentou;Pública;Não.;Não frequentou;Não frequentou;Não.;Não frequentou;Não frequentou;não frequentou;Não frequentou;Não frequentou;Não frequentou;Não frequentou;Não frequentou;Não frequentou;Não frequentou;Não frequentou;Não frequentou;Não frequentou
Saúde Global e Sustentabilidade;1908;Brasil;SC;Blumenau;Ascendente terceiro grau (bisavô/bisavó);Masculino;Branca;Sim;Não frequentou;Frequentou;Pública;Não frequentou;Não frequentou;Não frequentou;Não.;Não frequentou;Não frequentou;Não.;Não frequentou;Não frequentou;Não frequentou;Não frequentou;Não frequentou;Não frequentou;Não frequentou;Não frequentou;Não frequentou;Não frequentou;Não frequentou;Não frequentou;Não frequentou
Saúde Global e Sustentabilidade;1906;Portugal;Não nasceu no Brasil;Abaças;Ascendente terceiro grau (bisavô/bisavó);Feminino;Branca;Não;Não frequentou;Não frequentou;Não frequentou;Não frequentou;Não frequentou;Não frequentou;Não.;Não frequentou;Não frequentou;Não.;Não frequentou;Não frequentou;Não frequentou;Não frequentou;Não frequentou;Não frequentou;Não frequentou;Não frequentou;Não frequentou;Não frequentou;Não frequentou;Não frequentou;Não frequentou
Saúde Pública;1999;Brasil;SP;Flórida Paulista;Colateral (irmão/irmã);Masculino;Amarela;Sim;Não frequentou;Frequentou;Pública;Completo;Completo;Pública;Não.;Completo;Pública;Não.;Completo;Não frequentou;2018;Bacharelado;Privada;Ciências da Saúde;Não frequentou;Completo;Não frequentou;Não frequentou;Não frequentou;Não frequentou;Privada
Saúde Global e Sustentabilidade;1906;Portugal;Não nasceu no Brasil;Abaças;Ascendente terceiro grau (bisavô/bisavó);Masculino;Branca;Não;Não frequentou;Não frequentou;Não frequentou;Não frequentou;Não frequentou;Não frequentou;Não.;Não frequentou;Não frequentou;Não.;Não frequentou;Não frequentou;Não frequentou;Não frequentou;Não frequentou;Não frequentou;Não frequentou;Não frequentou;Não frequentou;Não frequentou;Não frequentou;Não frequentou;Não frequentou
Saúde Pública;2009;Brasil;MT;Tabaporã;Colateral (irmão/irmã);Masculino;Amarela;Sim;Não frequentou;Frequentou;Pública;Completo;Completo;Pública;Não.;Iniciado e não concluído;Pública;Não.;Não frequentou;Não frequentou;não frequentou;Não frequentou;Não frequentou;Não frequentou;Não frequentou;Não frequentou;Não frequentou;Não frequentou;Não frequentou;Não frequentou;Não frequentou
Saúde Global e Sustentabilidade;1916;Portugal;Não nasceu no Brasil;Abaças;Ascendente terceiro grau (bisavô/bisavó);Feminino;Branca;Sim;Não frequentou;Não frequentou;Não frequentou;Não frequentou;Não frequentou;Não frequentou;Não.;Não frequentou;Não frequentou;Não.;Não frequentou;Não frequentou;Não frequentou;Não frequentou;Não frequentou;Não frequentou;Não frequentou;Não frequentou;Não frequentou;Não frequentou;Não frequentou;Não frequentou;Não frequentou
Saúde Global e Sustentabilidade;1913;Portugal;Não nasceu no Brasil;Abaças;Ascendente terceiro grau (bisavô/bisavó);Masculino;Branca;Sim;Não frequentou;Não frequentou;Não frequentou;Não frequentou;Não frequentou;Não frequentou;Não.;Não frequentou;Não frequentou;Não.;Não frequentou;Não frequentou;Não frequentou;Não frequentou;Não frequentou;Não frequentou;Não frequentou;Não frequentou;Não frequentou;Não frequentou;Não frequentou;Não frequentou;Não frequentou
Saúde Pública;12/09/1996;Moçambique ;Não nasceu no Brasil;Nampula;Colateral (irmão/irmã);Masculino, Feminino;Preta;Sim;Frequentou;Frequentou;Pública;Completo;Completo;Privada;Não.;Completo;Pública;Não.;Não frequentou;Não frequentou;Não frequentou;Não frequentou;Não frequentou;Não frequentou;Não frequentou;Não frequentou;Não frequentou;Não frequentou;Não frequentou;Não frequentou;Não frequentou
Saúde Pública;17/10/1998;Moçambique;Não nasceu no Brasil;Nampula;Você;Masculino;Preta;Sim;Não frequentou;Não frequentou;Não frequentou;Completo;Completo;Pública;Não.;Completo;Pública;Não.;Completo;Não frequentou;2016;Licenciatura;Pública;Ciências da Saúde;Sim e concluiu;Iniciado e não concluído;Completo;Iniciado e não concluído;Não frequentou;Não frequentou;Pública
Saúde Pública;12/08/1980;Moçambique ;Não nasceu no Brasil;Nampula;Ascendente primeiro grau (pai/mãe);Feminino;Preta;Sim;Não frequentou;Não frequentou;Não frequentou;Completo;Completo;Pública;Sim. O ensino fundamental 2.;Completo;Pública;Não.;Iniciado e não concluído;Não frequentou;2021;Licenciatura;Privada;Ciências Humanas;Não frequentou;Não frequentou;Não frequentou;Não frequentou;Não frequentou;Não frequentou;Não frequentou
Saúde Pública;17/04/1935;Moçambique ;Não nasceu no Brasil;Nampula;Ascendente segundo grau (avô/avó);Masculino;Preta;Sim;Não frequentou;Não frequentou;Pública;Completo;Não frequentou;Pública;Não.;Iniciado e não concluído;Pública;Não.;Não frequentou;Não frequentou;Não frequentou;Não frequentou;Não frequentou;Não frequentou;Não frequentou;Não frequentou;Não frequentou;Não frequentou;Não frequentou;Não frequentou;Não frequentou
Nutrição em saúde pública;1940;Brasil;BA;Xique Xique;Ascendente segundo grau (avô/avó);Masculino;Parda;Sim;Não frequentou;Não frequentou;Não frequentou;Completo;Completo;Pública;Não.;Completo;Pública;Não.;Não frequentou;Não frequentou;Não frequentou;Não frequentou;Não frequentou;Não frequentou;Não frequentou;Não frequentou;Não frequentou;Não frequentou;Não frequentou;Não frequentou;Não frequentou
Nutrição em saúde pública;1942;Brasil;BA;Xique Xique;Ascendente segundo grau (avô/avó);Feminino;Branca;Sim;Não frequentou;Não frequentou;Não frequentou;Completo;Iniciado e não concluído;Não frequentou;Não.;Não frequentou;Não frequentou;Não.;Não frequentou;Não frequentou;Não frequentou;Não frequentou;Não frequentou;Não frequentou;Não frequentou;Não frequentou;Não frequentou;Não frequentou;Não frequentou;Não frequentou;Não frequentou
Nutrição em saúde pública;1953;Brasil;BA;Xique Xique;Ascendente segundo grau (avô/avó);Feminino;Branca;Sim;Não frequentou;Não frequentou;Não frequentou;Iniciado e não concluído;Não frequentou;Não frequentou;Não.;Não frequentou;Não frequentou;Não.;Não frequentou;Não frequentou;Não frequentou;Não frequentou;Não frequentou;Não frequentou;Não frequentou;Não frequentou;Não frequentou;Não frequentou;Não frequentou;Não frequentou;Não frequentou
Nutrição em saúde pública;1947;Brasil;BA;Xique Xique;Ascendente segundo grau (avô/avó);Masculino;Preta;Sim;Não frequentou;Não frequentou;Não frequentou;Não frequentou;Não frequentou;Não frequentou;Não.;Não frequentou;Não frequentou;Não.;Não frequentou;Não frequentou;Não frequentou;Não frequentou;Não frequentou;Não frequentou;Não frequentou;Não frequentou;Não frequentou;Não frequentou;Não frequentou;Não frequentou;Não frequentou
Saúde Global e Sustentabilidade;1941;Brasil;SP;Santo André;Ascendente segundo grau (avô/avó);Masculino;Branca;Não;Não frequentou;Não frequentou;Não frequentou;Não frequentou;Não frequentou;Não frequentou;Não.;Não frequentou;Não frequentou;Não.;Não frequentou;Não frequentou;Não frequentou;Não frequentou;Não frequentou;Não frequentou;Não frequentou;Não frequentou;Não frequentou;Não frequentou;Não frequentou;Não frequentou;Não frequentou
Saúde Pública;1950;Brasil;PA;Abaetetuba;Ascendente segundo grau (avô/avó);Prefiro não responder;Indígena;Sim;Não frequentou;Não frequentou;Não frequentou;Iniciado e não concluído;Não frequentou;Pública;Não.;Não frequentou;Não frequentou;Não.;Não frequentou;Não frequentou;Não frequentou;Não frequentou;Não frequentou;Não frequentou;Não frequentou;Não frequentou;Não frequentou;Não frequentou;Não frequentou;Não frequentou;Não frequentou
Saúde Global e Sustentabilidade;1945;Brasil;MG;Nepomuceno;Ascendente segundo grau (avô/avó);Feminino;Branca;Não;Não frequentou;Não frequentou;Não frequentou;Iniciado e não concluído;Não frequentou;Pública;Não.;Não frequentou;Não frequentou;Não.;Não frequentou;Não frequentou;Não frequentou;Não frequentou;Não frequentou;Não frequentou;Não frequentou;Não frequentou;Não frequentou;Não frequentou;Não frequentou;Não frequentou;Não frequentou
Saúde Global e Sustentabilidade;1992;Brasil;MG;São Sebastião do Paraíso;Colateral (irmão/irmã);Feminino;Branca;Sim;Não frequentou;Frequentou;Privada;Completo;Completo;Pública;Não.;Completo;Pública;Não.;Completo;Não frequentou;2012;Licenciatura;Privada;Lingüística, Letras e Artes;Não frequentou;Completo;Não frequentou;Não frequentou;Não frequentou;Não frequentou;Privada
Saúde Pública;1945;Brasil;BA;Caldas de Cipó ;Descendente segundo grau (neto/neta);Feminino;Branca;Sim;Não frequentou;Frequentou;Pública;Completo;Não frequentou;Pública;Não.;Completo;Pública;Não.;Não frequentou;Completo;Eu não sei;Não frequentou;Pública;Ciências Humanas;Não frequentou;Não frequentou;Não frequentou;Não frequentou;Não frequentou;Não frequentou;Não frequentou
Saúde Pública;1973;Brasil;BA;Tucano-BA;Descendente primeiro grau (filho/filha);Feminino;Branca;Sim;Não frequentou;Não frequentou;Pública;Completo;Completo;Pública;Não.;Completo;Pública;Sim. Na EJA.;Não frequentou;Não frequentou;Não frequentou;Não frequentou;Não frequentou;Não frequentou;Não frequentou;Não frequentou;Não frequentou;Não frequentou;Não frequentou;Não frequentou;Não frequentou
Nutrição em saúde pública;1937;Brasil;PE;Custódia;Ascendente segundo grau (avô/avó);Feminino;Branca;Sim;Não frequentou;Não frequentou;Não frequentou;Não frequentou;Não frequentou;Não frequentou;Não.;Não frequentou;Não frequentou;Não.;Não frequentou;Não frequentou;Não frequentou;Não frequentou;Não frequentou;Não frequentou;Não frequentou;Não frequentou;Não frequentou;Não frequentou;Não frequentou;Não frequentou;Não frequentou
Nutrição em saúde pública;1932;Brasil;PE;Floresta;Ascendente segundo grau (avô/avó);Masculino;Branca;Sim;Não frequentou;Não frequentou;Não frequentou;Não frequentou;Não frequentou;Não frequentou;Não.;Não frequentou;Não frequentou;Não.;Não frequentou;Não frequentou;Não frequentou;Não frequentou;Não frequentou;Não frequentou;Não frequentou;Não frequentou;Não frequentou;Não frequentou;Não frequentou;Não frequentou;Não frequentou
Nutrição em saúde pública;1914;Brasil;PE;Betânia;Ascendente terceiro grau (bisavô/bisavó);Feminino;Branca;Não;Não frequentou;Não frequentou;Não frequentou;Não frequentou;Não frequentou;Não frequentou;Não.;Não frequentou;Não frequentou;Não.;Não frequentou;Não frequentou;Não frequentou;Não frequentou;Não frequentou;Não frequentou;Não frequentou;Não frequentou;Não frequentou;Não frequentou;Não frequentou;Não frequentou;Não frequentou
Nutrição em saúde pública;1914;Brasil;PE;Betânia;Ascendente terceiro grau (bisavô/bisavó);Masculino;Branca;Sim;Não frequentou;Não frequentou;Não frequentou;Não frequentou;Não frequentou;Não frequentou;Não.;Não frequentou;Não frequentou;Não.;Não frequentou;Não frequentou;Não frequentou;Não frequentou;Não frequentou;Não frequentou;Não frequentou;Não frequentou;Não frequentou;Não frequentou;Não frequentou;Não frequentou;Não frequentou
Nutrição em saúde pública;1898;Brasil;PE;Floresta ;Ascendente terceiro grau (bisavô/bisavó);Masculino;Branca;Sim;Não frequentou;Não frequentou;Não frequentou;Não frequentou;Não frequentou;Não frequentou;Não.;Não frequentou;Não frequentou;Não.;Não frequentou;Não frequentou;Não frequentou;Não frequentou;Não frequentou;Não frequentou;Não frequentou;Não frequentou;Não frequentou;Não frequentou;Não frequentou;Não frequentou;Não frequentou
Nutrição em saúde pública;1905;Brasil;PE;Floresta;Ascendente terceiro grau (bisavô/bisavó);Feminino;Branca;Não;Não frequentou;Não frequentou;Não frequentou;Não frequentou;Não frequentou;Não frequentou;Não.;Não frequentou;Não frequentou;Não.;Não frequentou;Não frequentou;Não frequentou;Não frequentou;Não frequentou;Não frequentou;Não frequentou;Não frequentou;Não frequentou;Não frequentou;Não frequentou;Não frequentou;Não frequentou
Nutrição em saúde pública;01/10/1990;Brasil;SP;São Paulo;Você;Feminino;Parda;Sim;Frequentou;Frequentou;Privada;Completo;Completo;Privada;Não.;Completo;Privada;Não.;Completo;Não frequentou;2010;Bacharelado e licenciatura;Pública;Ciências da Saúde;Não frequentou;Completo;Completo;Iniciado e não concluído;Não frequentou;Não frequentou;Privada
Saúde Pública;1997;Brasil;SP;São Paulo ;Você;Feminino;Parda;Sim;Não frequentou;Frequentou;Privada;Completo;Completo;Privada;Não.;Completo;Privada;Não.;Completo;Não frequentou;2021;Bacharelado;Pública;Ciências da Saúde;Não frequentou;Não frequentou;Iniciado e não concluído;Não frequentou;Não frequentou;Não frequentou;Pública
Saúde Pública;2001;Brasil;SP;São Paulo ;Colateral (irmão/irmã);Masculino;Branca;Sim;Não frequentou;Frequentou;Privada;Completo;Completo;Privada;Não.;Completo;Privada;Sim. No ensino técnico.;Completo;Não frequentou;2019;Curso superior de tecnologia (tecnólogo);Privada;Ciências Exatas e da Terra;Não frequentou;Não frequentou;Não frequentou;Não frequentou;Não frequentou;Não frequentou;Não frequentou
Saúde Pública;1959;Colombia;Não nasceu no Brasil;Cartagena;Ascendente primeiro grau (pai/mãe);Masculino;Parda;Sim;Não frequentou;Frequentou;Privada;Completo;Completo;Privada;Não.;Completo;Privada;Não.;Completo;Completo;1976;Licenciatura;Privada;Engenharias;Não frequentou;Completo;Não frequentou;Não frequentou;Não frequentou;Não frequentou;Privada
Saúde Pública;1959;Colombia;Não nasceu no Brasil;Cartagena;Ascendente primeiro grau (pai/mãe);Feminino;Branca;Sim;Não frequentou;Frequentou;Privada;Completo;Completo;Privada;Não.;Iniciado e não concluído;Privada;Não.;Não frequentou;Não frequentou;Não frequentou;Não frequentou;Não frequentou;Não frequentou;Não frequentou;Não frequentou;Não frequentou;Não frequentou;Não frequentou;Não frequentou;Não frequentou
Saúde Pública;1929;Colombia;Não nasceu no Brasil;Cartagena;Ascendente segundo grau (avô/avó);Masculino;Parda;Sim;Não frequentou;Frequentou;Privada;Completo;Completo;Privada;Não.;Completo;Privada;Não.;Não frequentou;Não frequentou;Não frequentou;Não frequentou;Não frequentou;Não frequentou;Não frequentou;Não frequentou;Não frequentou;Não frequentou;Não frequentou;Não frequentou;Não frequentou
Saúde Pública;1931;Colombia;Não nasceu no Brasil;Coveñas;Ascendente segundo grau (avô/avó);Feminino;Branca;Sim;Não frequentou;Frequentou;Privada;Completo;Completo;Privada;Não.;Completo;Privada;Não.;Não frequentou;Não frequentou;Não frequentou;Não frequentou;Não frequentou;Não frequentou;Não frequentou;Não frequentou;Não frequentou;Não frequentou;Não frequentou;Não frequentou;Não frequentou
Saúde Pública;1940;Colombia;Não nasceu no Brasil;Cartagena;Ascendente segundo grau (avô/avó);Feminino;Preta;Sim;Não frequentou;Frequentou;Pública;Completo;Não frequentou;Pública;Não.;Não frequentou;Não frequentou;Não.;Não frequentou;Não frequentou;Não frequentou;Não frequentou;Não frequentou;Não frequentou;Não frequentou;Não frequentou;Não frequentou;Não frequentou;Não frequentou;Não frequentou;Não frequentou
Saúde Pública;1902;Colombia;Não nasceu no Brasil;Cartagena;Ascendente terceiro grau (bisavô/bisavó);Feminino;Preta;Não;Não frequentou;Não frequentou;Não frequentou;Não frequentou;Não frequentou;Não frequentou;Não.;Não frequentou;Não frequentou;Não.;Não frequentou;Não frequentou;Não frequentou;Não frequentou;Não frequentou;Não frequentou;Não frequentou;Não frequentou;Não frequentou;Não frequentou;Não frequentou;Não frequentou;Não frequentou
Saúde Pública;8061952;Brasil;MG;Almenara;Ascendente primeiro grau (pai/mãe);Feminino;Parda;Não;Não frequentou;Não frequentou;Pública;Não frequentou;Não frequentou;Pública;Sim. O ensino fundamental 1.;Não frequentou;Pública;Não.;Não frequentou;Não frequentou;2002;Não frequentou;Não frequentou;Não frequentou;Não frequentou;Não frequentou;Não frequentou;Não frequentou;Não frequentou;Não frequentou;Pública
Saúde Pública;12/10/1932;Brasil;MG;Bandeira;Ascendente segundo grau (avô/avó);Feminino;Parda;Não;Não frequentou;Não frequentou;Não frequentou;Não frequentou;Não frequentou;Não frequentou;Não.;Não frequentou;Não frequentou;Não.;Não frequentou;Não frequentou;Não frequentou;Não frequentou;Não frequentou;Não frequentou;Não frequentou;Não frequentou;Não frequentou;Não frequentou;Não frequentou;Não frequentou;Não frequentou
Saúde Pública;06/03/1979;Brasil;SP;São Paulo;Você;Feminino;Parda;Sim;Não frequentou;Frequentou;Pública;Completo;Completo;Pública;Não.;Completo;Pública;Não.;Completo;Não frequentou;2003;Bacharelado;Privada;Ciências da Saúde;Não frequentou;Completo;Completo;Iniciado e não concluído;Não frequentou;Não frequentou;Pública
Saúde Pública;20/03/1999;Brasil;SP;São Paulo;Descendente primeiro grau (filho/filha);Feminino;Parda;Sim;Frequentou;Frequentou;Privada;Iniciado e não concluído;Iniciado e não concluído;Privada;Não.;Completo;Pública;Não.;Iniciado e não concluído;Não frequentou;2020;Bacharelado;Privada;Ciências Biológicas;Não frequentou;Não frequentou;Não frequentou;Não frequentou;Não frequentou;Não frequentou;Não frequentou
Saúde Pública;1999;Brasil;MS;campo grande;Você;Feminino;Branca;Sim;Não frequentou;Frequentou;Pública;Completo;Completo;Pública;Não.;Completo;Privada;Não.;Completo;Não frequentou;2022;Bacharelado;Pública;Ciências da Saúde;Não frequentou;Completo;Não frequentou;Não frequentou;Iniciado e não concluído;Não frequentou;Pública
Saúde Pública;1967;Brasil;RS;Três passos;Ascendente primeiro grau (pai/mãe);Feminino;Branca;Sim;Não frequentou;Não frequentou;Não frequentou;Completo;Completo;Pública;Não.;Completo;Pública;Não.;Não frequentou;Não frequentou;não frequentou;Não frequentou;Não frequentou;Não frequentou;Não frequentou;Não frequentou;Não frequentou;Não frequentou;Não frequentou;Não frequentou;Não frequentou
Saúde Pública;1949;Brasil;SP;Presidente epitácio;Ascendente segundo grau (avô/avó);Feminino;Parda;Sim;Não frequentou;Não frequentou;Não frequentou;Completo;Não frequentou;Pública;Não.;Não frequentou;Não frequentou;Não.;Não frequentou;Não frequentou;não frequentou;Não frequentou;Não frequentou;Não frequentou;Não frequentou;Não frequentou;Não frequentou;Não frequentou;Não frequentou;Não frequentou;Não frequentou
Saúde Pública;1921;Brasil;RS;Tres passos;Ascendente terceiro grau (bisavô/bisavó);Feminino;Branca;Sim;Não frequentou;Não frequentou;Não frequentou;Completo;Iniciado e não concluído;Pública;Não.;Não frequentou;Não frequentou;Não.;Não frequentou;Não frequentou;não frequentou;Não frequentou;Não frequentou;Não frequentou;Não frequentou;Não frequentou;Não frequentou;Não frequentou;Não frequentou;Não frequentou;Não frequentou
Saúde Pública;1940;Brasil;SP;São Paulo;Ascendente primeiro grau (pai/mãe);Masculino;Branca;Sim;Não frequentou;Não frequentou;Não frequentou;Completo;Completo;Privada;Não.;Completo;Privada;Não.;Completo;Não frequentou;1975;Bacharelado;Privada;Ciências Humanas;Não frequentou;Completo;Não frequentou;Não frequentou;Não frequentou;Não frequentou;Privada
Saúde Pública;1943;Brasil;SP;São Paulo;Ascendente primeiro grau (pai/mãe);Feminino;Branca;Sim;Não frequentou;Não frequentou;Não frequentou;Completo;Completo;Pública;Não.;Completo;Pública;Não.;Não frequentou;Não frequentou;Não Frequentou;Não frequentou;Não frequentou;Não frequentou;Não frequentou;Não frequentou;Não frequentou;Não frequentou;Não frequentou;Não frequentou;Não frequentou
Saúde Pública;1966;Brasil;SP;São Paulo;Colateral (irmão/irmã);Masculino;Branca;Sim;Não frequentou;Frequentou;Privada;Completo;Completo;Privada;Não.;Completo;Privada;Não.;Completo;Não frequentou;1985;Bacharelado e licenciatura;Privada;Ciências da Saúde;Não frequentou;Não frequentou;Não frequentou;Não frequentou;Não frequentou;Não frequentou;Não frequentou
Saúde Pública;1965;Brasil;SP;São Paulo;Você;Feminino;Branca;Sim;Não frequentou;Frequentou;Privada;Completo;Completo;Privada;Não.;Completo;Privada;Não.;Completo;Não frequentou;1984;Bacharelado e licenciatura;Pública;Ciências Humanas;Não frequentou;Completo;Completo;Completo;Não frequentou;Completo;Pública
Saúde Pública;1920;Brasil;SP;Capão Bonito;Ascendente segundo grau (avô/avó);Feminino;Branca;Sim;Não frequentou;Não frequentou;Não frequentou;Completo;Não frequentou;Pública;Não.;Não frequentou;Não frequentou;Não.;Não frequentou;Não frequentou;Não frequentou;Não frequentou;Não frequentou;Não frequentou;Não frequentou;Não frequentou;Não frequentou;Não frequentou;Não frequentou;Não frequentou;Não frequentou
Saúde Pública;1915;Brasil;SP;Capão Bonito;Ascendente segundo grau (avô/avó);Masculino;Branca;Sim;Não frequentou;Não frequentou;Não frequentou;Completo;Não frequentou;Pública;Não.;Não frequentou;Pública;Não.;Não frequentou;Não frequentou;Não frequentou;Não frequentou;Não frequentou;Não frequentou;Não frequentou;Não frequentou;Não frequentou;Não frequentou;Não frequentou;Não frequentou;Não frequentou
Saúde Pública;1915;Brasil;SP;São Paulo;Ascendente segundo grau (avô/avó);Feminino;Branca;Sim;Não frequentou;Não frequentou;Não frequentou;Completo;Não frequentou;Pública;Não.;Não frequentou;Não frequentou;Não.;Não frequentou;Não frequentou;Não frequentou;Não frequentou;Não frequentou;Não frequentou;Não frequentou;Não frequentou;Não frequentou;Não frequentou;Não frequentou;Não frequentou;Não frequentou
Saúde Pública;1910;Brasil;SP;São Paulo;Ascendente segundo grau (avô/avó);Masculino;Branca;Sim;Não frequentou;Não frequentou;Não frequentou;Completo;Não frequentou;Pública;Não.;Não frequentou;Não frequentou;Não.;Não frequentou;Não frequentou;Não frequentou;Não frequentou;Não frequentou;Não frequentou;Não frequentou;Não frequentou;Não frequentou;Não frequentou;Não frequentou;Não frequentou;Não frequentou
Saúde Pública;2003;Brasil;SP;Santa Isabel;Você;Masculino;Branca;Sim;Não frequentou;Frequentou;Privada;Completo;Completo;Privada;Não.;Completo;Pública;Não.;Completo;Não frequentou;2021;Bacharelado;Pública;Ciências da Saúde;Não frequentou;Não frequentou;Iniciado e não concluído;Não frequentou;Não frequentou;Não frequentou;Pública
Saúde Pública;1998;Brasil;SP;São Paulo;Colateral (irmão/irmã);Masculino;Branca;Sim;Não frequentou;Frequentou;Privada;Completo;Completo;Privada;Não.;Completo;Pública;Não.;Completo;Não frequentou;2017;Bacharelado;Privada;Engenharias;Não frequentou;Completo;Não frequentou;Não frequentou;Não frequentou;Não frequentou;Privada
Saúde Pública;1968;Brasil;PA;Belém;Ascendente primeiro grau (pai/mãe);Masculino;Preta;Sim;Não frequentou;Não frequentou;Não frequentou;Iniciado e não concluído;Não frequentou;Pública;Não.;Não frequentou;Não frequentou;Não.;Não frequentou;Não frequentou;Não frequentou;Não frequentou;Não frequentou;Não frequentou;Não frequentou;Não frequentou;Não frequentou;Não frequentou;Não frequentou;Não frequentou;Não frequentou
Saúde Pública;1997;Brasil;PA;Belém;Você;Não-binário;Parda;Sim;Não frequentou;Frequentou;Pública;Completo;Completo;Pública;Sim. O ensino fundamental 2.;Completo;Pública;Não.;Completo;Não frequentou;2015;Bacharelado;Pública;Ciências da Saúde;Não frequentou;Completo;Completo;Iniciado e não concluído;Não frequentou;Não frequentou;Pública
Saúde Pública;1942;Brasil;PA;Breves - Marajó;Ascendente segundo grau (avô/avó);Feminino;Parda;Não;Não frequentou;Não frequentou;Não frequentou;Não frequentou;Não frequentou;Não frequentou;Não.;Não frequentou;Não frequentou;Não.;Não frequentou;Não frequentou;Não frequentou;Não frequentou;Não frequentou;Não frequentou;Não frequentou;Não frequentou;Não frequentou;Não frequentou;Não frequentou;Não frequentou;Não frequentou
Saúde Pública;1976;Brasil;PA;Belém;Ascendente primeiro grau (pai/mãe);Feminino;Parda;Sim;Não frequentou;Não frequentou;Pública;Completo;Iniciado e não concluído;Pública;Sim. O ensino fundamental 2.;Não frequentou;Não frequentou;Não.;Não frequentou;Não frequentou;Não frequentou;Não frequentou;Não frequentou;Não frequentou;Não frequentou;Não frequentou;Não frequentou;Não frequentou;Não frequentou;Não frequentou;Não frequentou
Saúde Pública;1964;Brasil;SP;Santa Isabel;Ascendente primeiro grau (pai/mãe);Masculino;Branca;Sim;Não frequentou;Não frequentou;Pública;Completo;Completo;Pública;Não.;Completo;Pública;Não.;Completo;Não frequentou;1993;Bacharelado;Privada;Engenharias;Não frequentou;Não frequentou;Não frequentou;Não frequentou;Não frequentou;Não frequentou;Não frequentou
Saúde Pública;1925;Brasil;SP;Santa Isabel;Ascendente segundo grau (avô/avó);Masculino;Branca;Sim;Não frequentou;Não frequentou;Não frequentou;Completo;Não frequentou;Pública;Não.;Não frequentou;Não frequentou;Não.;Não frequentou;Não frequentou;Não Frequentou;Não frequentou;Não frequentou;Não frequentou;Não frequentou;Não frequentou;Não frequentou;Não frequentou;Não frequentou;Não frequentou;Não frequentou
Saúde Pública;1932;Brasil;SP;Santa Isabel;Ascendente segundo grau (avô/avó);Feminino;Branca;Sim;Não frequentou;Não frequentou;Não frequentou;Completo;Não frequentou;Pública;Sim. O ensino fundamental 1.;Não frequentou;Não frequentou;Não.;Não frequentou;Não frequentou;Não Frequentou;Não frequentou;Não frequentou;Não frequentou;Não frequentou;Não frequentou;Não frequentou;Não frequentou;Não frequentou;Não frequentou;Não frequentou
Saúde Pública;1970;Brasil;SP;São Paulo ;Ascendente primeiro grau (pai/mãe);Feminino;Branca;Sim;Não frequentou;Não frequentou;Não frequentou;Completo;Completo;Pública;Não.;Completo;Pública;Não.;Completo;Não frequentou;1990;Bacharelado;Privada;Ciências Sociais Aplicadas;Não frequentou;Completo;Não frequentou;Não frequentou;Não frequentou;Não frequentou;Privada
Saúde Pública;1965;Brasil;SP;Nova Canaã Paulista ;Ascendente primeiro grau (pai/mãe);Masculino;Preta;Sim;Não frequentou;Não frequentou;Não frequentou;Completo;Completo;Pública;Não.;Completo;Pública;Não.;Iniciado e não concluído;Não frequentou;1990;Bacharelado;Privada;Engenharias;Não frequentou;Não frequentou;Não frequentou;Não frequentou;Não frequentou;Não frequentou;Não frequentou
Saúde Pública;1989;Colombia;Não nasceu no Brasil;Cartagena;Você;Feminino;Parda;Sim;Frequentou;Frequentou;Privada;Completo;Completo;Privada;Não.;Completo;Privada;Não.;Completo;Completo;2006;Licenciatura;Pública;Ciências Exatas e da Terra;Sim e concluiu;Completo;Completo;Não frequentou;Iniciado e não concluído;Não frequentou;Privada
Saúde Pública;1912;Colombia;Não nasceu no Brasil;Cartagena;Ascendente terceiro grau (bisavô/bisavó);Feminino;Parda;Sim;Não frequentou;Não frequentou;Não frequentou;Iniciado e não concluído;Não frequentou;Não frequentou;Não.;Não frequentou;Não frequentou;Não.;Não frequentou;Não frequentou;Não frequentou;Não frequentou;Não frequentou;Não frequentou;Não frequentou;Não frequentou;Não frequentou;Não frequentou;Não frequentou;Não frequentou;Não frequentou
Saúde Pública;1909;Colombia;Não nasceu no Brasil;Coveñas;Ascendente terceiro grau (bisavô/bisavó);Feminino;Preta;Sim;Não frequentou;Não frequentou;Não frequentou;Completo;Não frequentou;Não frequentou;Não.;Não frequentou;Não frequentou;Não.;Não frequentou;Não frequentou;Não frequentou;Não frequentou;Não frequentou;Não frequentou;Não frequentou;Não frequentou;Não frequentou;Não frequentou;Não frequentou;Não frequentou;Não frequentou
Saúde Pública;1983;Colombia;Não nasceu no Brasil;Cartagena;Colateral (irmão/irmã);Masculino;Branca;Sim;Frequentou;Frequentou;Privada;Completo;Completo;Privada;Não.;Completo;Privada;Não.;Completo;Não frequentou;Não frequentou;Licenciatura;Privada;Ciências da Saúde;Não frequentou;Completo;Não frequentou;Não frequentou;Não frequentou;Não frequentou;Privada
Saúde Pública;1999;Brasil;SP;São Caetano do Sul;Colateral (irmão/irmã);Não-binário;Branca;Sim;Frequentou;Frequentou;Pública;Completo;Completo;Pública;Não.;Completo;Pública;Sim. No ensino técnico.;Completo;Não frequentou;2020;Bacharelado e licenciatura;Pública;Lingüística, Letras e Artes;Sim e não concluiu;Não frequentou;Não frequentou;Não frequentou;Não frequentou;Não frequentou;Não frequentou
Saúde Pública;1940;Brasil;SP;São Paulo;Ascendente segundo grau (avô/avó);Masculino;Branca;Sim;Não frequentou;Não frequentou;Não frequentou;Completo;Completo;Pública;Não.;Completo;Pública;Não.;Não frequentou;Não frequentou;Não frequentou;Não frequentou;Não frequentou;Não frequentou;Não frequentou;Não frequentou;Não frequentou;Não frequentou;Não frequentou;Não frequentou;Não frequentou
Saúde Pública;1964;Brasil;SP;São Paulo;Ascendente primeiro grau (pai/mãe);Masculino;Branca;Sim;Não frequentou;Não frequentou;Pública;Completo;Completo;Pública;Não.;Completo;Pública;Sim. No ensino técnico.;Completo;Não frequentou;2010;Curso superior de tecnologia (tecnólogo);Privada;Ciências Exatas e da Terra;Não frequentou;Não frequentou;Não frequentou;Não frequentou;Não frequentou;Não frequentou;Não frequentou
